Timestamp,TruthLat,TruthLon,EstLat,EstLon,Error
1789572898658,17.6464421,75.9517463,17.6464421,75.9517463,0.000
1789572898766,17.6464421,75.9517463,17.6464421,75.9517463,0.000
1789572898880,17.6464421,75.9517463,17.6464421,75.9517463,0.000
1789572898987,17.6464421,75.9517463,17.6464421,75.9517463,0.000
1789572899094,17.6464421,75.9517463,17.6464421,75.9517463,0.000
1789572899204,17.6464421,75.9517463,17.6464421,75.9517463,0.000
1789572899313,17.6464421,75.9517463,17.6464421,75.9517463,0.000
1789572899419,17.6464421,75.9517463,17.6464421,75.9517463,0.000
1789572899527,17.6464421,75.9517463,17.6464421,75.9517463,0.000
1789572899632,17.6464421,75.9517463,17.6464421,75.9517463,0.000
1789572899742,17.6464405,75.9517467,17.646441852390325,75.95174636190242,0.155
1789572899852,17.6464405,75.9517467,17.646441848846393,75.9517463627884,0.154
1789572899959,17.6464405,75.9517467,17.646441850471216,75.9517463623822,0.155
1789572900068,17.6464405,75.9517467,17.646441850557565,75.95174636236061,0.155
1789572900175,17.6464405,75.9517467,17.646441850548563,75.95174636236285,0.155
1789572900282,17.6464405,75.9517467,17.646441850547582,75.95174636236311,0.155
1789572900392,17.6464405,75.9517467,17.646441850547614,75.9517463623631,0.155
1789572900499,17.6464405,75.9517467,17.64644185054762,75.9517463623631,0.155
1789572900608,17.6464405,75.9517467,17.64644185054762,75.9517463623631,0.155
1789572900715,17.6464395,75.9517464,17.64644138483606,75.95174636981976,0.210
1789572900823,17.6464395,75.9517464,17.646441377866463,75.95174636993136,0.209
1789572900931,17.6464395,75.9517464,17.64644138114175,75.95174636987892,0.209
1789572901040,17.6464395,75.9517464,17.646441381317164,75.9517463698761,0.209
1789572901147,17.6464395,75.9517464,17.646441381299464,75.95174636987639,0.209
1789572901253,17.6464395,75.9517464,17.646441381297496,75.95174636987642,0.209
1789572901364,17.6464395,75.9517464,17.646441381297556,75.95174636987642,0.209
1789572901472,17.6464395,75.9517464,17.646441381297574,75.95174636987642,0.209
1789572901576,17.6464395,75.9517464,17.646441381297574,75.95174636987642,0.209
1789572901686,17.6464385,75.9517461,17.646440704428798,75.95174630647736,0.246
1789572901792,17.6464385,75.9517461,17.64644069453452,75.9517463055506,0.245
1789572901900,17.6464385,75.9517461,17.646440699124117,75.95174630598049,0.246
1789572902011,17.6464385,75.9517461,17.646440699375198,75.95174630600401,0.246
1789572902114,17.6464385,75.9517461,17.646440699351082,75.95174630600175,0.246
1789572902222,17.6464385,75.9517461,17.64644069934828,75.95174630600148,0.246
1789572902330,17.6464385,75.9517461,17.646440699348364,75.9517463060015,0.246
1789572902437,17.6464385,75.9517461,17.64644069934839,75.9517463060015,0.246
1789572902546,17.6464385,75.9517461,17.64644069934839,75.9517463060015,0.246
1789572902653,17.6464378,75.9517459,17.646439979245702,75.95174620516397,0.245
1789572902762,17.6464378,75.9517459,17.646439968514773,75.9517462036613,0.244
1789572902871,17.6464378,75.9517459,17.64643997354058,75.95174620436508,0.244
1789572902978,17.6464378,75.9517459,17.6464399738045,75.95174620440203,0.244
1789572903089,17.6464378,75.9517459,17.646439973777188,75.9517462043982,0.244
1789572903197,17.6464378,75.9517459,17.646439973774235,75.95174620439779,0.244
1789572903306,17.6464378,75.9517459,17.64643997377432,75.9517462043978,0.244
1789572903413,17.6464378,75.9517459,17.646439973774346,75.9517462043978,0.244
1789572903524,17.6464378,75.9517459,17.646439973774346,75.9517462043978,0.244
1789572903629,17.6464378,75.9517459,17.646439973774346,75.9517462043978,0.244
1789572903738,17.646437,75.9517463,17.646439194639978,75.95174622944616,0.244
1789572903855,17.646437,75.9517463,17.64643918360072,75.95174622980106,0.243
1789572903955,17.646437,75.9517463,17.646439188506086,75.95174622964336,0.244
1789572904063,17.646437,75.9517463,17.646439188772053,75.95174622963481,0.244
1789572904171,17.646437,75.9517463,17.646439188740267,75.95174622963583,0.244
1789572904287,17.646437,75.9517463,17.64643918873707,75.95174622963593,0.244
1789572904387,17.646437,75.9517463,17.646439188737183,75.95174622963593,0.244
1789572904495,17.646437,75.9517463,17.646439188737208,75.95174622963593,0.244
1789572904602,17.646437,75.9517463,17.646439188737208,75.95174622963593,0.244
1789572904710,17.6464368,75.9517463,17.646438559402945,75.95174624817398,0.196
1789572904818,17.6464368,75.9517463,17.64643855007452,75.95174624844876,0.195
1789572904926,17.6464368,75.9517463,17.646438554421955,75.95174624832069,0.195
1789572905034,17.6464368,75.9517463,17.646438554655266,75.95174624831382,0.195
1789572905142,17.6464368,75.9517463,17.64643855463159,75.95174624831452,0.195
1789572905249,17.6464368,75.9517463,17.646438554628958,75.95174624831459,0.195
1789572905359,17.6464368,75.9517463,17.646438554629036,75.95174624831459,0.195
1789572905467,17.6464368,75.9517463,17.646438554629057,75.95174624831459,0.195
1789572905573,17.6464368,75.9517463,17.646438554629057,75.95174624831459,0.195
1789572905677,17.6464365,75.9517462,17.646438012272792,75.95174623556096,0.168
1789572905791,17.6464365,75.9517462,17.646438003806505,75.95174623536188,0.167
1789572905894,17.6464365,75.9517462,17.6464380076245,75.95174623545167,0.168
1789572906006,17.6464365,75.9517462,17.646438007830028,75.9517462354565,0.168
1789572906114,17.6464365,75.9517462,17.646438007807518,75.95174623545597,0.168
1789572906221,17.6464365,75.9517462,17.64643800780526,75.95174623545591,0.168
1789572906329,17.6464365,75.9517462,17.64643800780534,75.95174623545591,0.168
1789572906437,17.6464365,75.9517462,17.64643800780536,75.95174623545591,0.168
1789572906546,17.6464365,75.9517462,17.64643800780536,75.95174623545591,0.168
1789572906648,17.6464362,75.9517461,17.646437529799744,75.95174619963963,0.148
1789572906761,17.6464362,75.9517461,17.646437522123712,75.95174619906449,0.148
1789572906876,17.6464362,75.9517461,17.646437525661625,75.95174619932958,0.148
1789572906978,17.6464362,75.9517461,17.64643752583088,75.95174619934225,0.148
1789572907086,17.6464362,75.9517461,17.646437525812615,75.95174619934089,0.148
1789572907194,17.6464362,75.9517461,17.646437525810487,75.95174619934073,0.148
1789572907301,17.6464362,75.9517461,17.646437525810544,75.95174619934073,0.148
1789572907408,17.6464362,75.9517461,17.646437525810562,75.95174619934073,0.148
1789572907517,17.6464362,75.9517461,17.646437525810562,75.95174619934073,0.148
1789572907625,17.6464362,75.9517461,17.646437525810562,75.95174619934073,0.148
1789572907733,17.646436,75.9517463,17.646437113079866,75.9517462265692,0.124
1789572907841,17.646436,75.9517463,17.646437106987253,75.95174622697114,0.123
1789572907949,17.646436,75.9517463,17.64643710983947,75.95174622678297,0.124
1789572908057,17.646436,75.9517463,17.64643710999234,75.95174622677288,0.124
1789572908165,17.646436,75.9517463,17.646437109976798,75.9517462267739,0.124
1789572908273,17.646436,75.9517463,17.64643710997507,75.95174622677402,0.124
1789572908380,17.646436,75.9517463,17.646437109975125,75.95174622677402,0.124
1789572908489,17.646436,75.9517463,17.64643710997514,75.95174622677402,0.124
1789572908597,17.646436,75.9517463,17.64643710997514,75.95174622677402,0.124
1789572908705,17.6464359,75.9517469,17.64643678573663,75.9517464071799,0.112
1789572908812,17.6464359,75.9517469,17.646436780929708,75.95174640985445,0.111
1789572908921,17.6464359,75.9517469,17.646436783189927,75.95174640859688,0.111
1789572909029,17.6464359,75.9517469,17.646436783310936,75.95174640852954,0.111
1789572909135,17.6464359,75.9517469,17.646436783298906,75.95174640853624,0.111
1789572909245,17.6464359,75.9517469,17.646436783297524,75.951746408537,0.111
1789572909353,17.6464359,75.9517469,17.646436783297563,75.95174640853698,0.111
1789572909469,17.6464359,75.9517469,17.646436783297574,75.95174640853698,0.111
1789572909568,17.6464359,75.9517469,17.646436783297574,75.95174640853698,0.111
1789572909679,17.6464357,75.9517476,17.646436494575806,75.95174672608773,0.128
1789572909785,17.6464357,75.9517476,17.646436490336658,75.95174673075016,0.127
1789572909888,17.6464357,75.9517476,17.646436492252704,75.9517467286428,0.128
1789572909998,17.6464357,75.9517476,17.64643649236456,75.95174672851977,0.128
1789572910108,17.6464357,75.9517476,17.646436492353455,75.95174672853199,0.128
1789572910217,17.6464357,75.9517476,17.646436492352258,75.95174672853331,0.128
1789572910325,17.6464357,75.9517476,17.646436492352294,75.95174672853327,0.128
1789572910431,17.6464357,75.9517476,17.646436492352304,75.95174672853325,0.128
1789572910541,17.6464357,75.9517476,17.646436492352304,75.95174672853325,0.128
1789572910643,17.6464355,75.9517483,17.646436228659915,75.95174714611106,0.147
1789572910756,17.6464355,75.9517483,17.64643622444268,75.95174715278938,0.146
1789572910865,17.6464355,75.9517483,17.64643622639007,75.95174714970554,0.146
1789572910972,17.6464355,75.9517483,17.646436226488998,75.95174714954888,0.146
1789572911078,17.6464355,75.9517483,17.646436226478322,75.95174714956579,0.146
1789572911188,17.6464355,75.9517483,17.646436226477142,75.95174714956765,0.146
1789572911291,17.6464355,75.9517483,17.646436226477178,75.9517471495676,0.146
1789572911404,17.6464355,75.9517483,17.64643622647719,75.95174714956758,0.146
1789572911511,17.6464355,75.9517483,17.64643622647719,75.95174714956758,0.146
1789572911619,17.6464355,75.9517483,17.64643622647719,75.95174714956758,0.146
1789572911728,17.6464355,75.9517491,17.64643622647719,75.95174714956758,0.222
1789572911836,17.6464355,75.9517491,17.64643622647719,75.95174714956758,0.222
1789572911943,17.6464355,75.9517491,17.64643622647719,75.95174714956758,0.222
1789572912051,17.6464355,75.9517491,17.64643622647719,75.95174714956758,0.222
1789572912159,17.6464355,75.9517491,17.64643622647719,75.95174714956758,0.222
1789572912268,17.6464355,75.9517491,17.64643622647719,75.95174714956758,0.222
1789572912374,17.6464355,75.9517491,17.64643622647719,75.95174714956758,0.222
1789572912479,17.6464355,75.9517491,17.64643622647719,75.95174714956758,0.222
1789572912591,17.6464355,75.9517491,17.64643622647719,75.95174714956758,0.222
1789572912695,17.6464355,75.9517494,17.646436226566923,75.95174714953515,0.252
1789572912808,17.6464355,75.9517494,17.64643622664252,75.95174714950784,0.252
1789572912915,17.6464355,75.9517494,17.646436226655066,75.9517471495033,0.252
1789572913025,17.6464355,75.9517494,17.646436226648664,75.95174714950561,0.252
1789572913131,17.6464355,75.9517494,17.64643622664147,75.95174714950821,0.252
1789572913240,17.6464355,75.9517494,17.64643622663778,75.95174714950954,0.252
1789572913349,17.6464355,75.9517494,17.646436226636748,75.95174714950991,0.252
1789572913456,17.6464355,75.9517494,17.646436226636805,75.9517471495099,0.252
1789572913565,17.6464355,75.9517494,17.646436226637057,75.95174714950981,0.252
1789572913674,17.6464357,75.9517497,17.64643603579937,75.95174807373346,0.177
1789572913778,17.6464357,75.9517497,17.64643603452946,75.95174807988359,0.176
1789572913892,17.6464357,75.9517497,17.646436035268387,75.951748076305,0.176
1789572913995,17.6464357,75.9517497,17.646436035303257,75.95174807613611,0.176
1789572914100,17.6464357,75.9517497,17.64643603529941,75.95174807615474,0.176
1789572914211,17.6464357,75.9517497,17.64643603529896,75.95174807615692,0.176
1789572914320,17.6464357,75.9517497,17.646436035298976,75.95174807615685,0.176
1789572914427,17.6464357,75.9517497,17.64643603529898,75.95174807615683,0.176
1789572914534,17.6464357,75.9517497,17.64643603529898,75.95174807615683,0.176
1789572914640,17.6464357,75.9517497,17.64643603529898,75.95174807615683,0.176
1789572914751,17.6464357,75.9517502,17.64643603529898,75.95174807615683,0.228
1789572914858,17.6464357,75.9517502,17.64643603529898,75.95174807615683,0.228
1789572914968,17.6464357,75.9517502,17.64643603529898,75.95174807615683,0.228
1789572915083,17.6464357,75.9517502,17.64643603529898,75.95174807615683,0.228
1789572915184,17.6464357,75.9517502,17.64643603529898,75.95174807615683,0.228
1789572915295,17.6464357,75.9517502,17.64643603529898,75.95174807615683,0.228
1789572915400,17.6464357,75.9517502,17.64643603529898,75.95174807615683,0.228
1789572915506,17.6464357,75.9517502,17.64643603529898,75.95174807615683,0.228
1789572915615,17.6464357,75.9517502,17.64643603529898,75.95174807615683,0.228
1789572915722,17.6464359,75.9517509,17.646435986627733,75.95174909198374,0.192
1789572915832,17.6464359,75.9517509,17.64643598590547,75.95174910705823,0.190
1789572915940,17.6464359,75.9517509,17.64643598624227,75.95174910002878,0.191
1789572916048,17.6464359,75.9517509,17.646435986259963,75.9517490996595,0.191
1789572916155,17.6464359,75.9517509,17.646435986258115,75.95174909969808,0.191
1789572916262,17.6464359,75.9517509,17.646435986257913,75.95174909970233,0.191
1789572916370,17.6464359,75.9517509,17.64643598625792,75.9517490997022,0.191
1789572916491,17.6464359,75.9517509,17.64643598625792,75.95174909970216,0.191
1789572916587,17.6464359,75.9517509,17.64643598625792,75.95174909970216,0.191
1789572916694,17.646436,75.9517514,17.646435990549772,75.95174981809967,0.168
1789572916803,17.646436,75.9517514,17.646435990617455,75.95174982942886,0.167
1789572916911,17.646436,75.9517514,17.64643599058768,75.95174982444493,0.167
1789572917020,17.646436,75.9517514,17.646435990586074,75.95174982417592,0.167
1789572917126,17.646436,75.9517514,17.646435990586234,75.95174982420276,0.167
1789572917234,17.646436,75.9517514,17.64643599058625,75.95174982420579,0.167
1789572917342,17.646436,75.9517514,17.64643599058625,75.9517498242057,0.167
1789572917450,17.646436,75.9517514,17.64643599058625,75.95174982420568,0.167
1789572917557,17.646436,75.9517514,17.64643599058625,75.95174982420568,0.167
1789572917661,17.646436,75.9517518,17.64643599058625,75.95174982420568,0.210
1789572917772,17.646436,75.9517518,17.64643599058625,75.95174982420568,0.210
1789572917878,17.646436,75.9517518,17.64643599058625,75.95174982420568,0.210
1789572917989,17.646436,75.9517518,17.64643599058625,75.95174982420568,0.210
1789572918095,17.646436,75.9517518,17.64643599058625,75.95174982420568,0.210
1789572918206,17.646436,75.9517518,17.64643599058625,75.95174982420568,0.210
1789572918314,17.646436,75.9517518,17.64643599058625,75.95174982420568,0.210
1789572918423,17.646436,75.9517518,17.64643599058625,75.95174982420568,0.210
1789572918532,17.646436,75.9517518,17.64643599058625,75.95174982420568,0.210
1789572918636,17.646436,75.9517518,17.64643599058625,75.95174982420568,0.210
1789572918745,17.6464358,75.9517525,17.6464359258734,75.95175073276076,0.188
1789572918855,17.6464358,75.9517525,17.646435924926838,75.9517507460503,0.187
1789572918970,17.6464358,75.9517525,17.646435925360116,75.95175073996715,0.187
1789572919078,17.6464358,75.9517525,17.646435925381258,75.95175073967033,0.187
1789572919178,17.6464358,75.9517525,17.64643592537916,75.9517507396998,0.187
1789572919284,17.6464358,75.9517525,17.646435925378903,75.9517507397034,0.187
1789572919393,17.6464358,75.9517525,17.64643592537891,75.95175073970329,0.187
1789572919502,17.6464358,75.9517525,17.646435925378913,75.95175073970326,0.187
1789572919609,17.6464358,75.9517525,17.646435925378913,75.95175073970326,0.187
1789572919714,17.6464359,75.9517526,17.646435917691562,75.95175130320179,0.138
1789572919826,17.6464359,75.9517526,17.646435917573296,75.95175131187085,0.137
1789572919933,17.6464359,75.9517526,17.646435917627436,75.9517513079023,0.137
1789572920041,17.6464359,75.9517526,17.64643591763027,75.95175130769437,0.137
1789572920149,17.6464359,75.9517526,17.64643591762997,75.95175130771668,0.137
1789572920257,17.6464359,75.9517526,17.646435917629937,75.95175130771908,0.137
1789572920366,17.6464359,75.9517526,17.646435917629937,75.951751307719,0.137
1789572920482,17.6464359,75.9517526,17.646435917629937,75.95175130771898,0.137
1789572920581,17.6464359,75.9517526,17.646435917629937,75.95175130771898,0.137
1789572920687,17.6464358,75.9517527,17.646435884145305,75.95175170404545,0.106
1789572920797,17.6464358,75.9517527,17.64643588361719,75.95175171029624,0.105
1789572920905,17.6464358,75.9517527,17.646435883851975,75.95175170751732,0.106
1789572921013,17.6464358,75.9517527,17.6464358838645,75.95175170736913,0.106
1789572921121,17.6464358,75.9517527,17.646435883863212,75.9517517073843,0.106
1789572921228,17.6464358,75.9517527,17.64643588386307,75.951751707386,0.106
1789572921337,17.6464358,75.9517527,17.646435883863077,75.95175170738594,0.106
1789572921444,17.6464358,75.9517527,17.646435883863077,75.95175170738592,0.106
1789572921552,17.6464358,75.9517527,17.646435883863077,75.95175170738592,0.106
1789572921656,17.6464355,75.9517531,17.64643577816086,75.95175209086139,0.111
1789572921769,17.6464355,75.9517531,17.646435776518246,75.9517520968206,0.111
1789572921885,17.6464355,75.9517531,17.646435777273208,75.95175209408168,0.111
1789572921985,17.6464355,75.9517531,17.646435777308948,75.95175209395202,0.111
1789572922089,17.6464355,75.9517531,17.64643577730507,75.95175209396609,0.111
1789572922201,17.6464355,75.9517531,17.64643577730459,75.95175209396784,0.111
1789572922303,17.6464355,75.9517531,17.6464357773046,75.9517520939678,0.111
1789572922418,17.6464355,75.9517531,17.646435777304603,75.95175209396778,0.111
1789572922525,17.6464355,75.9517531,17.646435777304603,75.95175209396778,0.111
1789572922630,17.6464355,75.9517531,17.646435777304603,75.95175209396778,0.111
1789572922747,17.6464353,75.951753,17.646435645367053,75.95175234441459,0.079
1789572922848,17.6464353,75.951753,17.646435643621572,75.9517523477279,0.079
1789572922958,17.6464353,75.951753,17.64643564445524,75.95175234614541,0.079
1789572923060,17.6464353,75.951753,17.64643564450218,75.95175234605631,0.079
1789572923171,17.6464353,75.951753,17.646435644497718,75.95175234606478,0.079
1789572923278,17.6464353,75.951753,17.646435644497167,75.95175234606583,0.079
1789572923389,17.6464353,75.951753,17.646435644497178,75.95175234606582,0.079
1789572923496,17.6464353,75.951753,17.64643564449718,75.9517523460658,0.079
1789572923604,17.6464353,75.951753,17.64643564449718,75.9517523460658,0.079
1789572923707,17.6464352,75.9517531,17.646435524088567,75.95175255029687,0.069
1789572923821,17.6464352,75.9517531,17.646435522190185,75.95175255351681,0.068
1789572923927,17.6464352,75.9517531,17.64643552305497,75.95175255205001,0.068
1789572924032,17.6464352,75.9517531,17.646435523100156,75.95175255197337,0.068
1789572924142,17.6464352,75.9517531,17.646435523095054,75.95175255198203,0.068
1789572924242,17.6464352,75.9517531,17.64643552309451,75.95175255198295,0.068
1789572924345,17.6464352,75.9517531,17.646435523094524,75.95175255198292,0.068
1789572924459,17.6464352,75.9517531,17.64643552309453,75.9517525519829,0.068
1789572924561,17.6464352,75.9517531,17.64643552309453,75.9517525519829,0.068
1789572924663,17.6464349,75.9517529,17.64643535664386,75.95175264495016,0.058
1789572924767,17.6464349,75.9517529,17.64643535378619,75.95175264654625,0.057
1789572924896,17.6464349,75.9517529,17.646435355115216,75.95175264580395,0.057
1789572924983,17.6464349,75.9517529,17.64643535517727,75.95175264576929,0.057
1789572925094,17.6464349,75.9517529,17.646435355171302,75.95175264577263,0.057
1789572925203,17.6464349,75.9517529,17.646435355170365,75.95175264577315,0.057
1789572925311,17.6464349,75.9517529,17.64643535517037,75.95175264577314,0.057
1789572925420,17.6464349,75.9517529,17.64643535517038,75.95175264577314,0.057
1789572925528,17.6464349,75.9517529,17.64643535517038,75.95175264577314,0.057
1789572925632,17.6464349,75.9517529,17.64643535517038,75.95175264577314,0.057
1789572925744,17.6464345,75.951753,17.646435122850207,75.95175274200423,0.075
1789572925852,17.6464345,75.951753,17.646435119597058,75.95175274335175,0.074
1789572925958,17.6464345,75.951753,17.646435121094267,75.95175274273157,0.074
1789572926069,17.6464345,75.951753,17.646435121176147,75.95175274269765,0.074
1789572926176,17.6464345,75.951753,17.64643512116789,75.95175274270107,0.074
1789572926283,17.6464345,75.951753,17.646435121167,75.95175274270144,0.074
1789572926393,17.6464345,75.951753,17.646435121167027,75.95175274270143,0.074
1789572926500,17.6464345,75.951753,17.646435121167034,75.95175274270143,0.074
1789572926605,17.6464345,75.951753,17.646435121167034,75.95175274270143,0.074
1789572926712,17.6464344,75.951753,17.646434950871495,75.9517527034684,0.069
1789572926820,17.6464344,75.951753,17.64643511243043,75.95175245319395,0.098
1789572926929,17.6464344,75.951753,17.646435492306207,75.95175204913276,0.158
1789572927037,17.6464344,75.951753,17.64643605818722,75.95175155286658,0.240
1789572927144,17.6464344,75.951753,17.646436775021225,75.95175097590256,0.341
1789572927251,17.6464344,75.951753,17.64643764704186,75.95175029972573,0.461
1789572927359,17.6464344,75.951753,17.64643864314652,75.95174949870858,0.601
1789572927481,17.6464344,75.951753,17.646439950583172,75.95174839476596,0.788
1789572927576,17.6464344,75.951753,17.646441118013254,75.95174740513528,0.955
1789572927684,17.6464341,75.9517533,17.64643901593245,75.95174917580309,0.701
1789572927789,17.6464341,75.9517533,17.64644028500688,75.95174812453165,0.881
1789572927897,17.6464341,75.9517533,17.646441477929304,75.95174711440359,1.051
1789572928007,17.6464341,75.9517533,17.646443305742498,75.95174557461664,1.312
1789572928115,17.6464341,75.9517533,17.64644538764642,75.9517438619461,1.607
1789572928224,17.6464341,75.9517533,17.6464477906248,75.95174190606308,1.945
1789572928332,17.6464341,75.9517533,17.646450523573254,75.95173969404289,2.329
1789572928439,17.6464341,75.9517533,17.646453552834515,75.95173725420739,2.754
1789572928547,17.6464341,75.9517533,17.64645686056026,75.95173458508143,3.219
1789572928654,17.646434,75.9517543,17.646452978030563,75.95173800569127,2.730
1789572928763,17.646434,75.9517543,17.646448186275475,75.9517423710671,2.024
1789572928882,17.646434,75.9517543,17.646448642366213,75.95174823988435,1.752
1789572928980,17.646434,75.9517543,17.646450174381016,75.95174281452624,2.174
1789572929085,17.646434,75.9517543,17.646453933227086,75.95173771485491,2.832
1789572929196,17.646434,75.9517543,17.646458133429494,75.95173421693232,3.429
1789572929303,17.646434,75.9517543,17.646461348987657,75.9517314758787,3.890
1789572929412,17.646434,75.9517543,17.646464722975455,75.95172847551925,4.382
1789572929520,17.646434,75.9517543,17.646468501996075,75.95172487548763,4.949
1789572929629,17.646434,75.9517543,17.64647261251574,75.95172077997645,5.579
1789572929736,17.6464342,75.9517549,17.646448490238352,75.95174245378033,2.067
1789572929843,17.6464342,75.9517549,17.64646611346529,75.95171659801589,5.397
1789572929952,17.6464342,75.9517549,17.64644850244534,75.95174164331051,2.124
1789572930060,17.6464342,75.9517549,17.646463783761746,75.95171652406482,5.236
1789572930167,17.6464342,75.9517549,17.646448305927358,75.95173992479131,2.234
1789572930286,17.6464342,75.9517549,17.646463091988803,75.95171363160149,5.432
1789572930383,17.6464342,75.9517549,17.646450475583464,75.95173352054731,2.903
1789572930491,17.6464342,75.9517549,17.646461507474065,75.95171071613538,5.587
1789572930600,17.6464342,75.9517549,17.646449136211203,75.95173180099893,2.961
1789572930708,17.6464346,75.9517556,17.646435986258872,75.95175214789568,0.397
1789572930815,17.6464346,75.9517556,17.646444528708937,75.9517314182755,2.793
1789572930921,17.6464346,75.9517556,17.64643464161827,75.95174968190031,0.628
1789572931029,17.6464346,75.9517556,17.646423609473345,75.95173260573073,2.729
1789572931138,17.6464346,75.9517556,17.646430110384447,75.9517509583711,0.702
1789572931248,17.6464346,75.9517556,17.64641302287679,75.9517572396955,2.408
1789572931355,17.6464346,75.9517556,17.64642909697308,75.95175395912666,0.637
1789572931464,17.6464346,75.9517556,17.64641444489584,75.95175944812269,2.280
1789572931569,17.6464346,75.9517556,17.64640338559787,75.95176957995103,3.778
1789572931677,17.6464352,75.9517563,17.646417959576965,75.95176346416567,2.064
1789572931786,17.6464352,75.9517563,17.646426744429203,75.95177616876536,2.308
1789572931893,17.6464352,75.9517563,17.64641412202113,75.95176987149064,2.753
1789572932001,17.6464352,75.9517563,17.64640385853091,75.95177872768906,4.223
1789572932110,17.6464352,75.9517563,17.64639469950291,75.95178757565964,5.598
1789572932219,17.6464352,75.9517563,17.64640190589997,75.95177862320915,4.398
1789572932326,17.6464352,75.9517563,17.646393722585405,75.9517875368213,5.683
1789572932436,17.6464352,75.9517563,17.64638387557891,75.95179752649682,7.195
1789572932543,17.6464352,75.9517563,17.646373513482196,75.95180770167828,8.769
1789572932651,17.646436,75.951757,17.64636379144079,75.95181722858254,10.268
1789572932758,17.646436,75.951757,17.646354955823295,75.95182598902923,11.617
1789572932870,17.646436,75.951757,17.64636328191655,75.9518177336441,10.346
1789572932978,17.646436,75.951757,17.646356118668976,75.95182483679987,11.439
1789572933086,17.646436,75.951757,17.64636255912484,75.95181845040172,10.456
1789572933190,17.646436,75.951757,17.646356189611865,75.95182476644771,11.429
1789572933294,17.646436,75.951757,17.64636405776081,75.95182491430175,10.772
1789572933409,17.646436,75.951757,17.646356201381,75.9518248676451,11.434
1789572933508,17.646436,75.951757,17.646362081972974,75.95182486482106,10.933
1789572933616,17.646436,75.951757,17.64635618757633,75.95182486504282,11.435
1789572933724,17.6464367,75.9517573,17.646361079137215,75.95182486507666,11.056
1789572933831,17.6464367,75.9517573,17.646356163119894,75.9518248650763,11.478
1789572933938,17.6464367,75.9517573,17.64636008240474,75.95182486507603,11.141
1789572934045,17.6464367,75.9517573,17.646356149253357,75.95182486507603,11.479
1789572934156,17.6464367,75.9517573,17.646359165119165,75.95182486507603,11.219
1789572934263,17.6464367,75.9517573,17.64635613342627,75.95182486507603,11.481
1789572934372,17.6464367,75.9517573,17.646358188752068,75.95182486507603,11.303
1789572934475,17.6464367,75.9517573,17.6463561220843,75.95182486507603,11.482
1789572934587,17.6464367,75.9517573,17.6463572830127,75.95182486507603,11.381
1789572934694,17.6464374,75.9517578,17.646356106553505,75.95182486507603,11.511
1789572934804,17.6464374,75.9517578,17.646356265237344,75.95182486507603,11.497
1789572934911,17.6464374,75.9517578,17.646356092395916,75.95182486507603,11.512
1789572935020,17.6464374,75.9517578,17.646356088914235,75.95182486507603,11.513
1789572935128,17.6464374,75.9517578,17.646356090086154,75.95182486507603,11.513
1789572935236,17.6464374,75.9517578,17.64635609015552,75.95182486507603,11.513
1789572935343,17.6464374,75.9517578,17.646356090149386,75.95182486507603,11.513
1789572935451,17.6464374,75.9517578,17.64635609014863,75.95182486507603,11.513
1789572935559,17.6464374,75.9517578,17.646356090148647,75.95182486507603,11.513
1789572935663,17.6464382,75.951758,17.646356090148654,75.95182486507603,11.570
1789572935775,17.6464382,75.951758,17.646356090148654,75.95182486507603,11.570
1789572935883,17.6464382,75.951758,17.646356090148654,75.95182486507603,11.570
1789572935991,17.6464382,75.951758,17.646356090148654,75.95182486507603,11.570
1789572936099,17.6464382,75.951758,17.646356090148654,75.95182486507603,11.570
1789572936208,17.6464382,75.951758,17.646356090148654,75.95182486507603,11.570
1789572936314,17.6464382,75.951758,17.646356090148654,75.95182486507603,11.570
1789572936424,17.6464382,75.951758,17.646356090148654,75.95182486507603,11.570
1789572936530,17.6464382,75.951758,17.646356090148654,75.95182486507603,11.570
1789572936634,17.6464382,75.951758,17.646356090148654,75.95182486507603,11.570
1789572936747,17.6464389,75.9517584,17.646356090148654,75.95182486507603,11.606
1789572936855,17.6464389,75.9517584,17.646356090148654,75.95182486507603,11.606
1789572936964,17.6464389,75.9517584,17.646356090148654,75.95182486507603,11.606
1789572937078,17.6464389,75.9517584,17.646356090148654,75.95182486507603,11.606
1789572937178,17.6464389,75.9517584,17.646356090148654,75.95182486507603,11.606
1789572937286,17.6464389,75.9517584,17.646356090148654,75.95182486507603,11.606
1789572937394,17.6464389,75.9517584,17.646356090148654,75.95182486507603,11.606
1789572937502,17.6464389,75.9517584,17.646356090148654,75.95182486507603,11.606
1789572937610,17.6464389,75.9517584,17.646356090148654,75.95182486507603,11.606
1789572937717,17.6464393,75.9517587,17.646356090148654,75.95182486507603,11.622
1789572937827,17.6464393,75.9517587,17.646356090148654,75.95182486507603,11.622
1789572937935,17.6464393,75.9517587,17.646356090148654,75.95182486507603,11.622
1789572938042,17.6464393,75.9517587,17.646356090148654,75.95182486507603,11.622
1789572938151,17.6464393,75.9517587,17.646356090148654,75.95182486507603,11.622
1789572938257,17.6464393,75.9517587,17.646356090148654,75.95182486507603,11.622
1789572938366,17.6464393,75.9517587,17.646356090148654,75.95182486507603,11.622
1789572938482,17.6464393,75.9517587,17.646356090148654,75.95182486507603,11.622
1789572938580,17.6464393,75.9517587,17.646356090148654,75.95182486507603,11.622
1789572938688,17.6464396,75.9517589,17.646356090148654,75.95182486507603,11.636
1789572938798,17.6464396,75.9517589,17.646356090148654,75.95182486507603,11.636
1789572938905,17.6464396,75.9517589,17.646356090148654,75.95182486507603,11.636
1789572939014,17.6464396,75.9517589,17.646356090148654,75.95182486507603,11.636
1789572939122,17.6464396,75.9517589,17.646356090148654,75.95182486507603,11.636
1789572939230,17.6464396,75.9517589,17.646356090148654,75.95182486507603,11.636
1789572939337,17.6464396,75.9517589,17.646356090148654,75.95182486507603,11.636
1789572939446,17.6464396,75.9517589,17.646356090148654,75.95182486507603,11.636
1789572939553,17.6464396,75.9517589,17.646356090148654,75.95182486507603,11.636
1789572939657,17.6464398,75.9517592,17.646356090148654,75.95182486507603,11.634
1789572939769,17.6464398,75.9517592,17.646356091420632,75.95182486646576,11.634
1789572939886,17.6464398,75.9517592,17.64635609241856,75.95182486755606,11.634
1789572939982,17.6464398,75.9517592,17.64635609257183,75.95182486772352,11.634
1789572940089,17.6464398,75.9517592,17.646356092498188,75.95182486764305,11.634
1789572940197,17.6464398,75.9517592,17.646356092402527,75.95182486753855,11.634
1789572940309,17.6464398,75.9517592,17.646356092350892,75.95182486748213,11.634
1789572940417,17.6464398,75.9517592,17.646356092335942,75.95182486746579,11.634
1789572940526,17.6464398,75.9517592,17.646356092336053,75.95182486746592,11.634
1789572940634,17.6464398,75.9517592,17.64635609233925,75.95182486746941,11.634
1789572940741,17.64644,75.9517594,17.646356092341435,75.9518248674718,11.639
1789572940849,17.64644,75.9517594,17.646356093951336,75.95182486906856,11.639
1789572940957,17.64644,75.9517594,17.646356094509223,75.95182486962189,11.639
1789572941066,17.64644,75.9517594,17.646356094559085,75.95182486967133,11.639
1789572941174,17.64644,75.9517594,17.6463560944765,75.95182486958942,11.639
1789572941279,17.64644,75.9517594,17.646356094409658,75.95182486952311,11.639
1789572941389,17.64644,75.9517594,17.64635609437952,75.95182486949322,11.639
1789572941494,17.64644,75.9517594,17.646356094373065,75.95182486948683,11.639
1789572941605,17.64644,75.9517594,17.646356094374745,75.95182486948849,11.639
1789572941710,17.6464401,75.9517597,17.646356094377296,75.95182486949102,11.629
1789572941820,17.6464401,75.9517597,17.646356094378742,75.95182486949246,11.629
1789572941929,17.6464401,75.9517597,17.64635609571339,75.95182487070886,11.629
1789572942032,17.6464401,75.9517597,17.64635609616745,75.9518248711227,11.629
1789572942145,17.6464401,75.9517597,17.64635609621388,75.951824871165,11.629
1789572942253,17.6464401,75.9517597,17.646356096144224,75.95182487110151,11.629
1789572942361,17.6464401,75.9517597,17.64635609608783,75.9518248710501,11.629
1789572942470,17.6464401,75.9517597,17.6463560960632,75.95182487102767,11.629
1789572942576,17.6464401,75.9517597,17.646356096057996,75.95182487102292,11.629
1789572942682,17.6464401,75.9517595,17.646356096059428,75.95182487102423,11.642
1789572942793,17.6464401,75.9517595,17.646356096061595,75.9518248710262,11.642
1789572942900,17.6464401,75.9517595,17.646356096062778,75.95182487102728,11.642
1789572943010,17.6464401,75.9517595,17.646356097123817,75.95182487189675,11.642
1789572943116,17.6464401,75.9517595,17.646356097483277,75.9518248721913,11.642
1789572943226,17.6464401,75.9517595,17.64635609751654,75.95182487221855,11.642
1789572943333,17.6464401,75.9517595,17.6463560974625,75.95182487217426,11.642
1789572943441,17.6464401,75.9517595,17.646356097418266,75.95182487213802,11.642
1789572943550,17.6464401,75.9517595,17.646356097398783,75.95182487212205,11.642
1789572943651,17.6464403,75.9517597,17.64635609739459,75.95182487211862,11.647
1789572943764,17.6464403,75.9517597,17.64635609739564,75.95182487211947,11.647
1789572943882,17.6464403,75.9517597,17.646356097397405,75.95182487212092,11.647
1789572943982,17.6464403,75.9517597,17.646356097398307,75.95182487212166,11.647
1789572944085,17.6464403,75.9517597,17.64635609808161,75.95182487259329,11.647
1789572944196,17.6464403,75.9517597,17.646356098331026,75.95182487276543,11.647
1789572944303,17.6464403,75.9517597,17.64635609835272,75.95182487278039,11.647
1789572944412,17.6464403,75.9517597,17.646356098316915,75.95182487275568,11.647
1789572944521,17.6464403,75.9517597,17.646356098287374,75.95182487273529,11.647
1789572944624,17.6464403,75.9517597,17.646356098274616,75.95182487272648,11.647
1789572944732,17.6464405,75.9517598,17.64635609827425,75.95182487272622,11.659
1789572944843,17.6464405,75.9517598,17.646356098274254,75.95182487272623,11.659
1789572944947,17.6464405,75.9517598,17.646356098274282,75.95182487272625,11.659
1789572945055,17.6464405,75.9517598,17.646356098274282,75.95182487272625,11.659
1789572945164,17.6464405,75.9517598,17.646356098274282,75.95182487272625,11.659
1789572945282,17.6464405,75.9517598,17.646356098274282,75.95182487272625,11.659
1789572945380,17.6464405,75.9517598,17.646356098274282,75.95182487272625,11.659
1789572945491,17.6464405,75.9517598,17.646356098274282,75.95182487272625,11.659
1789572945596,17.6464405,75.9517598,17.646356098274282,75.95182487272625,11.659
1789572945709,17.6464407,75.95176,17.646356098274282,75.95182487272625,11.664
1789572945815,17.6464407,75.95176,17.646356098274282,75.95182487272625,11.664
1789572945924,17.6464407,75.95176,17.646356098274282,75.95182487272625,11.664
1789572946032,17.6464407,75.95176,17.646356098274282,75.95182487272625,11.664
1789572946136,17.6464407,75.95176,17.646356098274282,75.95182487272625,11.664
1789572946249,17.6464407,75.95176,17.646356098274282,75.95182487272625,11.664
1789572946356,17.6464407,75.95176,17.646356098274282,75.95182487272625,11.664
1789572946465,17.6464407,75.95176,17.646356098274282,75.95182487272625,11.664
1789572946567,17.6464407,75.95176,17.646356098274282,75.95182487272625,11.664
1789572946679,17.6464409,75.9517601,17.646356098274282,75.95182487272625,11.676
1789572946787,17.6464409,75.9517601,17.646356098274282,75.95182487272625,11.676
1789572946895,17.6464409,75.9517601,17.646356098274282,75.95182487272625,11.676
1789572947004,17.6464409,75.9517601,17.646356098274282,75.95182487272625,11.676
1789572947111,17.6464409,75.9517601,17.646356098274282,75.95182487272625,11.676
1789572947219,17.6464409,75.9517601,17.646356098274282,75.95182487272625,11.676
1789572947327,17.6464409,75.9517601,17.646356098274282,75.95182487272625,11.676
1789572947436,17.6464409,75.9517601,17.646356098274282,75.95182487272625,11.676
1789572947543,17.6464409,75.9517601,17.646356098274282,75.95182487272625,11.676
1789572947646,17.646441,75.9517603,17.646356098274282,75.95182487272625,11.673
1789572947758,17.646441,75.9517603,17.646356098274282,75.95182487272625,11.673
1789572947867,17.646441,75.9517603,17.646356098274282,75.95182487272625,11.673
1789572947984,17.646441,75.9517603,17.646356098274282,75.95182487272625,11.673
1789572948083,17.646441,75.9517603,17.646356098274282,75.95182487272625,11.673
1789572948192,17.646441,75.9517603,17.646356098274282,75.95182487272625,11.673
1789572948298,17.646441,75.9517603,17.646356098274282,75.95182487272625,11.673
1789572948405,17.646441,75.9517603,17.646356098274282,75.95182487272625,11.673
1789572948515,17.646441,75.9517603,17.646356098274282,75.95182487272625,11.673
1789572948631,17.646441,75.9517603,17.646356098274282,75.95182487272625,11.673
1789572948727,17.6464411,75.9517604,17.646356098274282,75.95182487272625,11.675
1789572948837,17.6464411,75.9517604,17.646356098274282,75.95182487272625,11.675
1789572948947,17.6464411,75.9517604,17.646356098274282,75.95182487272625,11.675
1789572949055,17.6464411,75.9517604,17.646356098274282,75.95182487272625,11.675
1789572949159,17.6464411,75.9517604,17.646356098274282,75.95182487272625,11.675
1789572949271,17.6464411,75.9517604,17.646356098274282,75.95182487272625,11.675
1789572949378,17.6464411,75.9517604,17.646356098274282,75.95182487272625,11.675
1789572949483,17.6464411,75.9517604,17.646356098274282,75.95182487272625,11.675
1789572949594,17.6464411,75.9517604,17.646356098274282,75.95182487272625,11.675
1789572949701,17.6464412,75.9517606,17.646356098274282,75.95182487272625,11.672
1789572949806,17.6464412,75.9517606,17.646356098274282,75.95182487272625,11.672
1789572949918,17.6464412,75.9517606,17.646356098274282,75.95182487272625,11.672
1789572950026,17.6464412,75.9517606,17.646356098274282,75.95182487272625,11.672
1789572950135,17.6464412,75.9517606,17.646356098274282,75.95182487272625,11.672
1789572950238,17.6464412,75.9517606,17.646356098274282,75.95182487272625,11.672
1789572950346,17.6464412,75.9517606,17.646356098274282,75.95182487272625,11.672
1789572950454,17.6464412,75.9517606,17.646356098274282,75.95182487272625,11.672
1789572950562,17.6464412,75.9517606,17.646356098274282,75.95182487272625,11.672
1789572950682,17.6464413,75.9517607,17.646356098274282,75.95182487272625,11.675
1789572950780,17.6464413,75.9517607,17.646356098274282,75.95182487272625,11.675
1789572950886,17.6464413,75.9517607,17.646356098274282,75.95182487272625,11.675
1789572950999,17.6464413,75.9517607,17.646356098274282,75.95182487272625,11.675
1789572951107,17.6464413,75.9517607,17.646356098274282,75.95182487272625,11.675
1789572951210,17.6464413,75.9517607,17.646356098274282,75.95182487272625,11.675
1789572951323,17.6464413,75.9517607,17.646356098274282,75.95182487272625,11.675
1789572951430,17.6464413,75.9517607,17.646356098274282,75.95182487272625,11.675
1789572951539,17.6464413,75.9517607,17.646356098274282,75.95182487272625,11.675
1789572951651,17.6464415,75.9517608,17.646356098274282,75.95182487272625,11.687
1789572951752,17.6464415,75.9517608,17.646356098274282,75.95182487272625,11.687
1789572951867,17.6464415,75.9517608,17.646356098274282,75.95182487272625,11.687
1789572951971,17.6464415,75.9517608,17.646356098274282,75.95182487272625,11.687
1789572952082,17.6464415,75.9517608,17.646356098274282,75.95182487272625,11.687
1789572952186,17.6464415,75.9517608,17.646356098274282,75.95182487272625,11.687
1789572952292,17.6464415,75.9517608,17.646356098274282,75.95182487272625,11.687
1789572952402,17.6464415,75.9517608,17.646356098274282,75.95182487272625,11.687
1789572952511,17.6464415,75.9517608,17.646356098274282,75.95182487272625,11.687
1789572952618,17.6464415,75.9517608,17.646356098274282,75.95182487272625,11.687
1789572952725,17.6464415,75.951761,17.646356098274282,75.95182487272625,11.674
1789572952835,17.6464415,75.951761,17.646356098274282,75.95182487272625,11.674
1789572952941,17.6464415,75.951761,17.646356098274282,75.95182487272625,11.674
1789572953046,17.6464415,75.951761,17.646356098274282,75.95182487272625,11.674
1789572953154,17.6464415,75.951761,17.646356098274282,75.95182487272625,11.674
1789572953264,17.6464415,75.951761,17.646356098274282,75.95182487272625,11.674
1789572953370,17.6464415,75.951761,17.646356098274282,75.95182487272625,11.674
1789572953476,17.6464415,75.951761,17.646356098274282,75.95182487272625,11.674
1789572953589,17.6464415,75.951761,17.646356098274282,75.95182487272625,11.674
1789572953694,17.6464408,75.9517607,17.646356098274282,75.95182487272625,11.630
1789572953801,17.6464408,75.9517607,17.646356098274282,75.95182487272625,11.630
1789572953913,17.6464408,75.9517607,17.646356098274282,75.95182487272625,11.630
1789572954022,17.6464408,75.9517607,17.646356098274282,75.95182487272625,11.630
1789572954129,17.6464408,75.9517607,17.646356098274282,75.95182487272625,11.630
1789572954236,17.6464408,75.9517607,17.646356098274282,75.95182487272625,11.630
1789572954346,17.6464408,75.9517607,17.646356098274282,75.95182487272625,11.630
1789572954454,17.6464408,75.9517607,17.646356098274282,75.95182487272625,11.630
1789572954559,17.6464408,75.9517607,17.646356098274282,75.95182487272625,11.630
1789572954666,17.6464406,75.9517611,17.646356098274282,75.95182487272625,11.587
1789572954777,17.6464406,75.9517611,17.646356098274282,75.95182487272625,11.587
1789572954886,17.6464406,75.9517611,17.646356098274282,75.95182487272625,11.587
1789572954994,17.6464406,75.9517611,17.646356098274282,75.95182487272625,11.587
1789572955092,17.6464406,75.9517611,17.646356098274282,75.95182487272625,11.587
1789572955195,17.6464406,75.9517611,17.646356098274282,75.95182487272625,11.587
1789572955307,17.6464406,75.9517611,17.646356098274282,75.95182487272625,11.587
1789572955416,17.6464406,75.9517611,17.646356098274282,75.95182487272625,11.587
1789572955524,17.6464406,75.9517611,17.646356098274282,75.95182487272625,11.587
1789572955630,17.6464406,75.9517611,17.646356098274282,75.95182487272625,11.587
1789572955739,17.6464402,75.9517614,17.646356098274282,75.95182487272625,11.532
1789572955847,17.6464402,75.9517614,17.646356098274282,75.95182487272625,11.532
1789572955956,17.6464402,75.9517614,17.646356098274282,75.95182487272625,11.532
1789572956062,17.6464402,75.9517614,17.646356098274282,75.95182487272625,11.532
1789572956171,17.6464402,75.9517614,17.646356098274282,75.95182487272625,11.532
1789572956282,17.6464402,75.9517614,17.646356098274282,75.95182487272625,11.532
1789572956388,17.6464402,75.9517614,17.646356098274282,75.95182487272625,11.532
1789572956490,17.6464402,75.9517614,17.646356098274282,75.95182487272625,11.532
1789572956603,17.6464402,75.9517614,17.646356098274282,75.95182487272625,11.532
1789572956712,17.64644,75.9517618,17.646356098274282,75.95182487272625,11.489
1789572956818,17.64644,75.9517618,17.646356098274282,75.95182487272625,11.489
1789572956926,17.64644,75.9517618,17.646356098274282,75.95182487272625,11.489
1789572957034,17.64644,75.9517618,17.646356098274282,75.95182487272625,11.489
1789572957144,17.64644,75.9517618,17.646356098274282,75.95182487272625,11.489
1789572957248,17.64644,75.9517618,17.646356098274282,75.95182487272625,11.489
1789572957358,17.64644,75.9517618,17.646356098274282,75.95182487272625,11.489
1789572957467,17.64644,75.9517618,17.646356098274282,75.95182487272625,11.489
1789572957569,17.64644,75.9517618,17.646356098274282,75.95182487272625,11.489
1789572957677,17.6464397,75.9517623,17.646356098274282,75.95182487272625,11.431
1789572957791,17.6464397,75.9517623,17.646356098274282,75.95182487272625,11.431
1789572957898,17.6464397,75.9517623,17.646356098274282,75.95182487272625,11.431
1789572958007,17.6464397,75.9517623,17.646356098274282,75.95182487272625,11.431
1789572958121,17.6464397,75.9517623,17.646356098274282,75.95182487272625,11.431
1789572958218,17.6464397,75.9517623,17.646356098274282,75.95182487272625,11.431
1789572958328,17.6464397,75.9517623,17.646356098274282,75.95182487272625,11.431
1789572958438,17.6464397,75.9517623,17.646356098274282,75.95182487272625,11.431
1789572958546,17.6464397,75.9517623,17.646356098274282,75.95182487272625,11.431
1789572958649,17.6464395,75.9517627,17.646356098274282,75.95182487272625,11.388
1789572958762,17.6464395,75.9517627,17.646356098274282,75.95182487272625,11.388
1789572958879,17.6464395,75.9517627,17.646356098274282,75.95182487272625,11.388
1789572958978,17.6464395,75.9517627,17.646356098274282,75.95182487272625,11.388
1789572959086,17.6464395,75.9517627,17.646356098274282,75.95182487272625,11.388
1789572959194,17.6464395,75.9517627,17.646356098274282,75.95182487272625,11.388
1789572959293,17.6464395,75.9517627,17.646356098274282,75.95182487272625,11.388
1789572959401,17.6464395,75.9517627,17.646356098274282,75.95182487272625,11.388
1789572959509,17.6464395,75.9517627,17.646356098274282,75.95182487272625,11.388
1789572959615,17.6464395,75.9517627,17.646356098274282,75.95182487272625,11.388
1789572959724,17.6464392,75.951763,17.646356098274282,75.95182487272625,11.343
1789572959832,17.6464392,75.951763,17.646356098274282,75.95182487272625,11.343
1789572959940,17.6464392,75.951763,17.646356098274282,75.95182487272625,11.343
1789572960044,17.6464392,75.951763,17.646356098274282,75.95182487272625,11.343
1789572960155,17.6464392,75.951763,17.646356098274282,75.95182487272625,11.343
1789572960264,17.6464392,75.951763,17.646356098274282,75.95182487272625,11.343
1789572960371,17.6464392,75.951763,17.646356098274282,75.95182487272625,11.343
1789572960479,17.6464392,75.951763,17.646356098274282,75.95182487272625,11.343
1789572960587,17.6464392,75.951763,17.646356098274282,75.95182487272625,11.343
1789572960694,17.6464391,75.9517632,17.646356098274282,75.95182487272625,11.321
1789572960803,17.6464391,75.9517632,17.646356098274282,75.95182487272625,11.321
1789572960910,17.6464391,75.9517632,17.646356098274282,75.95182487272625,11.321
1789572961020,17.6464391,75.9517632,17.646356098274282,75.95182487272625,11.321
1789572961127,17.6464391,75.9517632,17.646356098274282,75.95182487272625,11.321
1789572961236,17.6464391,75.9517632,17.646356098274282,75.95182487272625,11.321
1789572961343,17.6464391,75.9517632,17.646356098274282,75.95182487272625,11.321
1789572961452,17.6464391,75.9517632,17.646356098274282,75.95182487272625,11.321
1789572961555,17.6464391,75.9517632,17.646356098274282,75.95182487272625,11.321
1789572961663,17.646439,75.9517639,17.646356098274282,75.95182487272625,11.270
1789572961774,17.646439,75.9517639,17.646356098274282,75.95182487272625,11.270
1789572961881,17.646439,75.9517639,17.646356098274282,75.95182487272625,11.270
1789572961982,17.646439,75.9517639,17.646356098274282,75.95182487272625,11.270
1789572962089,17.646439,75.9517639,17.646356098274282,75.95182487272625,11.270
1789572962198,17.646439,75.9517639,17.646356098274282,75.95182487272625,11.270
1789572962307,17.646439,75.9517639,17.646356098274282,75.95182487272625,11.270
1789572962413,17.646439,75.9517639,17.646356098274282,75.95182487272625,11.270
1789572962522,17.646439,75.9517639,17.646356098274282,75.95182487272625,11.270
1789572962627,17.646439,75.9517639,17.646356098274282,75.95182487272625,11.270
1789572962738,17.6464389,75.9517645,17.646356098274282,75.95182487272625,11.224
1789572962845,17.6464389,75.9517645,17.646356098274282,75.95182487272625,11.224
1789572962954,17.6464389,75.9517645,17.646356098274282,75.95182487272625,11.224
1789572963061,17.6464389,75.9517645,17.646356098274282,75.95182487272625,11.224
1789572963168,17.6464389,75.9517645,17.646356098274282,75.95182487272625,11.224
1789572963287,17.6464389,75.9517645,17.646356098274282,75.95182487272625,11.224
1789572963386,17.6464389,75.9517645,17.646356098274282,75.95182487272625,11.224
1789572963489,17.6464389,75.9517645,17.646356098274282,75.95182487272625,11.224
1789572963598,17.6464389,75.9517645,17.646356098274282,75.95182487272625,11.224
1789572963704,17.6464387,75.9517646,17.646381999907007,75.95180606035278,7.693
1789572963813,17.6464387,75.9517646,17.64640817901085,75.95178704644515,4.149
1789572963925,17.6464387,75.9517646,17.646382757809135,75.95180550988778,7.590
1789572964034,17.6464387,75.9517646,17.646406291281348,75.95178841750499,4.404
1789572964142,17.6464387,75.9517646,17.646383796209413,75.95180475569693,7.450
1789572964248,17.6464387,75.9517646,17.646405054854352,75.95178931552323,4.572
1789572964358,17.6464387,75.9517646,17.64638382343748,75.95180473592058,7.446
1789572964465,17.6464387,75.9517646,17.64640451912083,75.95178970462703,4.644
1789572964572,17.6464387,75.9517646,17.646429691735865,75.95178937502433,2.813
1789572964676,17.6464382,75.9517648,17.64641113809557,75.95177543522676,3.217
1789572964790,17.6464382,75.9517648,17.646430353292946,75.9517899415566,2.806
1789572964893,17.6464382,75.9517648,17.64641372434735,75.9517775218472,3.041
1789572965005,17.6464382,75.9517648,17.646430968735977,75.95179040662418,2.833
1789572965112,17.6464382,75.9517648,17.646415310476012,75.9517787061638,2.944
1789572965220,17.6464382,75.9517648,17.64643030602726,75.95178991135087,2.805
1789572965328,17.6464382,75.9517648,17.64641612947517,75.9517793181512,2.900
1789572965437,17.6464382,75.9517648,17.64642961624451,75.95178939592245,2.779
1789572965544,17.6464382,75.9517648,17.646417182769007,75.95178010520797,2.848
1789572965647,17.6464376,75.9517647,17.646428759379717,75.95177188606428,1.245
1789572965759,17.6464376,75.9517647,17.646417050162004,75.95177991659028,2.800
1789572965870,17.6464376,75.9517647,17.64642777944268,75.95177268016472,1.383
1789572965977,17.6464376,75.9517647,17.64641826901969,75.95177910091533,2.639
1789572966082,17.6464376,75.9517647,17.64642678965925,75.95177334781005,1.513
1789572966192,17.6464376,75.9517647,17.646418724661917,75.95177879319586,2.579
1789572966295,17.6464376,75.9517647,17.64642549964791,75.95177421881152,1.683
1789572966409,17.6464376,75.9517647,17.646418912702956,75.9517786662336,2.554
1789572966513,17.6464376,75.9517647,17.64642413074751,75.95177514307584,1.864
1789572966624,17.6464376,75.9517647,17.646419439379365,75.95177831062836,2.484
1789572966732,17.6464369,75.9517647,17.646424729154255,75.95177440871826,1.702
1789572966841,17.6464369,75.9517647,17.64642943030966,75.9517709484947,1.063
1789572966944,17.6464369,75.9517647,17.64642588536803,75.95177355917353,1.545
1789572967056,17.6464369,75.9517647,17.6464287895801,75.95177142044565,1.150
1789572967165,17.6464369,75.9517647,17.646426384686155,75.95177319145535,1.477
1789572967280,17.6464369,75.9517647,17.646428362018117,75.95177322972836,1.312
1789572967381,17.6464369,75.9517647,17.646426377845504,75.95177321884334,1.479
1789572967487,17.6464369,75.9517647,17.646427476267604,75.95177321814968,1.385
1789572967591,17.6464369,75.9517647,17.64642636572959,75.95177321821517,1.480
1789572967702,17.6464361,75.9517647,17.646428108404073,75.95177167454668,1.157
1789572967811,17.6464361,75.9517647,17.646429078644914,75.95177083425607,1.017
1789572967919,17.6464361,75.9517647,17.64642840531264,75.95177142248896,1.115
1789572968028,17.6464361,75.9517647,17.646428388391683,75.95177143722668,1.117
1789572968133,17.6464361,75.9517647,17.646428346138407,75.9517714481698,1.121
1789572968241,17.6464361,75.9517647,17.64642825055566,75.95177147999749,1.132
1789572968348,17.6464361,75.9517647,17.64642810761106,75.95177152108431,1.147
1789572968456,17.6464361,75.9517647,17.646427910047727,75.95177157165533,1.167
1789572968565,17.6464361,75.9517647,17.646427655483826,75.95177163476981,1.194
1789572968677,17.6464346,75.9517646,17.64642854255272,75.95177054881123,0.924
1789572968780,17.6464346,75.9517646,17.646428459722642,75.95177020625036,0.906
1789572968888,17.6464346,75.9517646,17.64642811394345,75.95177036903871,0.946
1789572969000,17.6464346,75.9517646,17.646428109313607,75.95177037430724,0.947
1789572969109,17.6464346,75.9517646,17.646428111642102,75.9517703733227,0.947
1789572969216,17.6464346,75.9517646,17.646428111757842,75.95177037325092,0.947
1789572969322,17.6464346,75.9517646,17.646428111744985,75.9517703732555,0.947
1789572969432,17.6464346,75.9517646,17.646428111743592,75.95177037325624,0.947
1789572969537,17.6464346,75.9517646,17.64642811174364,75.95177037325622,0.947
1789572969646,17.6464341,75.9517648,17.646428889301436,75.95176964969849,0.775
1789572969750,17.6464341,75.9517648,17.64642921115605,75.95176935019613,0.727
1789572969862,17.6464341,75.9517648,17.646429210511364,75.95176935079604,0.728
1789572969971,17.6464341,75.9517648,17.646429207991268,75.95176935314112,0.728
1789572970078,17.6464341,75.9517648,17.646429207904323,75.95176935322202,0.728
1789572970187,17.6464341,75.9517648,17.646429207919713,75.95176935320771,0.728
1789572970294,17.6464341,75.9517648,17.646429207920946,75.95176935320656,0.728
1789572970403,17.6464341,75.9517648,17.646429207920878,75.95176935320661,0.728
1789572970510,17.6464341,75.9517648,17.646429207920868,75.95176935320663,0.728
1789572970618,17.6464341,75.9517648,17.646429207920868,75.95176935320663,0.728
1789572970726,17.6464334,75.9517653,17.64642993396514,75.95176865129385,0.525
1789572970834,17.6464334,75.9517653,17.646429944683018,75.9517686409322,0.523
1789572970943,17.6464334,75.9517653,17.646429939663157,75.95176864578521,0.524
1789572971051,17.6464334,75.9517653,17.646429939397155,75.95176864604238,0.524
1789572971158,17.6464334,75.9517653,17.64642993942402,75.9517686460164,0.524
1789572971267,17.6464334,75.9517653,17.646429939427044,75.95176864601348,0.524
1789572971374,17.6464334,75.9517653,17.646429939426955,75.95176864601356,0.524
1789572971483,17.6464334,75.9517653,17.64642993942693,75.95176864601359,0.524
1789572971591,17.6464325,75.9517656,17.646430360758174,75.95176814481613,0.360
1789572971705,17.6464325,75.9517656,17.646430366801088,75.95176813762774,0.359
1789572971806,17.6464325,75.9517656,17.646430364034156,75.95176814091916,0.359
1789572971915,17.6464325,75.9517656,17.646430363882533,75.95176814109952,0.359
1789572972024,17.6464325,75.9517656,17.64643036389987,75.9517681410789,0.359
1789572972130,17.6464325,75.9517656,17.646430363901622,75.95176814107681,0.359
1789572972245,17.6464325,75.9517656,17.64643036390156,75.9517681410769,0.359
1789572972347,17.6464325,75.9517656,17.646430363901544,75.95176814107691,0.359
1789572972455,17.6464325,75.9517656,17.646430363901544,75.95176814107691,0.359
1789572972563,17.6464325,75.9517656,17.646430363901544,75.95176814107691,0.359
1789572972670,17.6464319,75.9517663,17.64643061022019,75.95176784586009,0.218
1789572972779,17.6464319,75.9517663,17.646430613905796,75.95176784144283,0.217
1789572972886,17.6464319,75.9517663,17.64643061218898,75.95176784350046,0.218
1789572972994,17.6464319,75.9517663,17.646430612096704,75.95176784361105,0.218
1789572973097,17.6464319,75.9517663,17.646430612106204,75.95176784359967,0.218
1789572973211,17.6464319,75.9517663,17.646430612107306,75.95176784359835,0.218
1789572973318,17.6464319,75.9517663,17.64643061210727,75.95176784359839,0.218
1789572973421,17.6464319,75.9517663,17.646430612107263,75.9517678435984,0.218
1789572973533,17.6464319,75.9517663,17.646430612107263,75.9517678435984,0.218
1789572973640,17.6464319,75.9517663,17.646430612107263,75.9517678435984,0.218
1789572973751,17.646432,75.9517667,17.646430833218602,75.95176766142141,0.165
1789572973858,17.646432,75.9517667,17.646430836342116,75.9517676588479,0.165
1789572973967,17.646432,75.9517667,17.646430834877467,75.95176766005464,0.165
1789572974083,17.646432,75.9517667,17.646430834799816,75.95176766011862,0.165
1789572974183,17.646432,75.9517667,17.646430834807152,75.95176766011258,0.165
1789572974286,17.646432,75.9517667,17.646430834807983,75.9517676601119,0.165
1789572974399,17.646432,75.9517667,17.64643083480795,75.95176766011193,0.165
1789572974505,17.646432,75.9517667,17.646430834807944,75.95176766011193,0.165
1789572974615,17.646432,75.9517667,17.646430834807944,75.95176766011193,0.165
1789572974721,17.646432,75.9517669,17.646430834807944,75.95176766011193,0.153
1789572974829,17.646432,75.9517669,17.646430834807944,75.95176766011193,0.153
1789572974938,17.646432,75.9517669,17.646430834807944,75.95176766011193,0.153
1789572975046,17.646432,75.9517669,17.646430834807944,75.95176766011193,0.153
1789572975155,17.646432,75.9517669,17.646430834807944,75.95176766011193,0.153
1789572975260,17.646432,75.9517669,17.646430834807944,75.95176766011193,0.153
1789572975370,17.646432,75.9517669,17.646430834807944,75.95176766011193,0.153
1789572975486,17.646432,75.9517669,17.646430834807944,75.95176766011193,0.153
1789572975581,17.646432,75.9517669,17.646430834807944,75.95176766011193,0.153
1789572975694,17.6464326,75.9517672,17.64643113881015,75.95176758088914,0.168
1789572975798,17.6464326,75.9517672,17.646431143240825,75.95176757973451,0.167
1789572975910,17.6464326,75.9517672,17.64643114125039,75.95176758025322,0.167
1789572976017,17.6464326,75.9517672,17.646431141142674,75.95176758028128,0.167
1789572976126,17.6464326,75.9517672,17.64643114115267,75.95176758027868,0.167
1789572976229,17.6464326,75.9517672,17.646431141153855,75.95176758027837,0.167
1789572976342,17.6464326,75.9517672,17.646431141153826,75.95176758027839,0.167
1789572976448,17.6464326,75.9517672,17.646431141153816,75.95176758027839,0.167
1789572976557,17.6464326,75.9517672,17.646431141153816,75.95176758027839,0.167
1789572976662,17.6464341,75.9517674,17.646431639774928,75.95176754991894,0.274
1789572976771,17.6464341,75.9517674,17.646431647477637,75.95176754944995,0.273
1789572976881,17.6464341,75.9517674,17.64643164387286,75.95176754966944,0.274
1789572976979,17.6464341,75.9517674,17.646431643683417,75.95176754968097,0.274
1789572977088,17.6464341,75.9517674,17.646431643703945,75.95176754967972,0.274
1789572977192,17.6464341,75.9517674,17.64643164370647,75.95176754967957,0.274
1789572977298,17.6464341,75.9517674,17.646431643706418,75.95176754967957,0.274
1789572977412,17.6464341,75.9517674,17.646431643706393,75.95176754967957,0.274
1789572977519,17.6464341,75.9517674,17.646431643706393,75.95176754967957,0.274
1789572977625,17.6464341,75.9517674,17.646431643706393,75.95176754967957,0.274
1789572977735,17.6464344,75.9517676,17.646432101883473,75.95176755805758,0.256
1789572977842,17.6464344,75.9517676,17.646432108496498,75.9517675581785,0.255
1789572977946,17.6464344,75.9517676,17.64643210541926,75.95176755812223,0.255
1789572978058,17.6464344,75.9517676,17.646432105245335,75.95176755811904,0.255
1789572978165,17.6464344,75.9517676,17.646432105262704,75.95176755811937,0.255
1789572978277,17.6464344,75.9517676,17.646432105264566,75.9517675581194,0.255
1789572978387,17.6464344,75.9517676,17.646432105264505,75.9517675581194,0.255
1789572978488,17.6464344,75.9517676,17.64643210526449,75.9517675581194,0.255
1789572978595,17.6464344,75.9517676,17.64643210526449,75.9517675581194,0.255
1789572978707,17.6464351,75.9517671,17.64643260450789,75.95176748175764,0.281
1789572978814,17.6464351,75.9517671,17.646432611441256,75.95176748069714,0.280
1789572978933,17.6464351,75.9517671,17.64643260817438,75.95176748119684,0.280
1789572979031,17.6464351,75.9517671,17.646432608016536,75.95176748122098,0.280
1789572979139,17.6464351,75.9517671,17.64643260803251,75.95176748121854,0.280
1789572979246,17.6464351,75.9517671,17.646432608034573,75.95176748121821,0.280
1789572979354,17.6464351,75.9517671,17.646432608034534,75.95176748121823,0.280
1789572979457,17.6464351,75.9517671,17.646432608034516,75.95176748121823,0.280
1789572979561,17.6464351,75.9517671,17.646432608034516,75.95176748121823,0.280
1789572979664,17.6464353,75.9517672,17.646433051852146,75.95176743486125,0.251
1789572979771,17.6464353,75.9517672,17.646433059174775,75.9517674340964,0.251
1789572979880,17.6464353,75.9517672,17.646433055804735,75.9517674344484,0.251
1789572979998,17.6464353,75.9517672,17.646433055623515,75.95176743446733,0.251
1789572980098,17.6464353,75.9517672,17.646433055640077,75.9517674344656,0.251
1789572980208,17.6464353,75.9517672,17.646433055641943,75.9517674344654,0.251
1789572980315,17.6464353,75.9517672,17.646433055641875,75.95176743446541,0.251
1789572980425,17.6464353,75.9517672,17.646433055641857,75.95176743446541,0.251
1789572980530,17.6464353,75.9517672,17.646433055641857,75.95176743446541,0.251
1789572980637,17.6464355,75.951767,17.646433458302024,75.9517673628998,0.231
1789572980748,17.6464355,75.951767,17.64643346435291,75.95176736182437,0.230
1789572980857,17.6464355,75.951767,17.646433461591702,75.95176736231511,0.230
1789572980965,17.6464355,75.951767,17.646433461448968,75.95176736234049,0.230
1789572981085,17.6464355,75.951767,17.646433461464078,75.9517673623378,0.230
1789572981180,17.6464355,75.951767,17.64643346146554,75.95176736233753,0.230
1789572981283,17.6464355,75.951767,17.6464334614655,75.95176736233755,0.230
1789572981395,17.6464355,75.951767,17.64643346146548,75.95176736233755,0.230
1789572981495,17.6464355,75.951767,17.64643346146548,75.95176736233755,0.230
1789572981602,17.6464355,75.951767,17.64643346146548,75.95176736233755,0.230
1789572981710,17.6464358,75.9517664,17.646433848896113,75.95176720290688,0.233
1789572981818,17.6464358,75.9517664,17.646433854639394,75.95176720054347,0.233
1789572981927,17.6464358,75.9517664,17.64643385196167,75.95176720164538,0.233
1789572982035,17.6464358,75.9517664,17.64643385181959,75.95176720170384,0.233
1789572982142,17.6464358,75.9517664,17.646433851833915,75.95176720169795,0.233
1789572982250,17.6464358,75.9517664,17.64643385183553,75.95176720169728,0.233
1789572982358,17.6464358,75.9517664,17.646433851835482,75.95176720169731,0.233
1789572982461,17.6464358,75.9517664,17.646433851835468,75.95176720169731,0.233
1789572982572,17.6464358,75.9517664,17.646433851835468,75.95176720169731,0.233
1789572982680,17.6464359,75.9517662,17.64643418839907,75.95176703709528,0.210
1789572982792,17.6464359,75.9517662,17.646434193225957,75.95176703473462,0.210
1789572982893,17.6464359,75.9517662,17.646434190979175,75.95176703583344,0.210
1789572983006,17.6464359,75.9517662,17.646434190854468,75.95176703589443,0.210
1789572983115,17.6464359,75.9517662,17.646434190868064,75.95176703588778,0.210
1789572983221,17.6464359,75.9517662,17.646434190869403,75.95176703588713,0.210
1789572983330,17.6464359,75.9517662,17.64643419086935,75.95176703588716,0.210
1789572983438,17.6464359,75.9517662,17.64643419086934,75.95176703588716,0.210
1789572983545,17.6464359,75.9517662,17.64643419086934,75.95176703588716,0.210
1789572983648,17.6464357,75.9517657,17.646434443739963,75.95176681204482,0.183
1789572983758,17.6464357,75.9517657,17.646434447808375,75.95176680844344,0.182
1789572983869,17.6464357,75.9517657,17.64643444593033,75.9517668101059,0.183
1789572983978,17.6464357,75.9517657,17.64643444583422,75.95176681019097,0.183
1789572984085,17.6464357,75.9517657,17.646434445843923,75.95176681018238,0.183
1789572984193,17.6464357,75.9517657,17.646434445845,75.95176681018143,0.183
1789572984291,17.6464357,75.9517657,17.646434445844967,75.95176681018145,0.183
1789572984399,17.6464357,75.9517657,17.646434445844957,75.95176681018147,0.183
1789572984505,17.6464357,75.9517657,17.646434445844957,75.95176681018147,0.183
1789572984610,17.6464357,75.9517657,17.646434445844957,75.95176681018147,0.183
1789572984718,17.6464355,75.9517651,17.64643462431618,75.95176652064164,0.179
1789572984826,17.6464355,75.9517651,17.64643462698387,75.95176651631377,0.179
1789572984934,17.6464355,75.9517651,17.646434625751947,75.95176651831235,0.179
1789572985047,17.6464355,75.9517651,17.646434625685956,75.95176651841942,0.179
1789572985150,17.6464355,75.9517651,17.646434625692393,75.95176651840897,0.179
1789572985259,17.6464355,75.9517651,17.646434625693114,75.95176651840781,0.179
1789572985372,17.6464355,75.9517651,17.64643462569309,75.95176651840784,0.179
1789572985479,17.6464355,75.9517651,17.646434625693082,75.95176651840785,0.179
1789572985587,17.6464355,75.9517651,17.646434625693082,75.95176651840785,0.179
1789572985693,17.6464354,75.9517647,17.64643475843857,75.95176620666234,0.175
1789572985804,17.6464354,75.9517647,17.646434760444006,75.95176620195268,0.175
1789572985911,17.6464354,75.9517647,17.646434759517618,75.95176620412825,0.175
1789572986018,17.6464354,75.9517647,17.64643475946869,75.95176620424316,0.175
1789572986127,17.6464354,75.9517647,17.646434759473927,75.95176620423086,0.175
1789572986234,17.6464354,75.9517647,17.64643475947449,75.95176620422953,0.175
1789572986342,17.6464354,75.9517647,17.646434759474474,75.95176620422957,0.175
1789572986451,17.6464354,75.9517647,17.64643475947447,75.95176620422959,0.175
1789572986558,17.6464354,75.9517647,17.64643475947447,75.95176620422959,0.175
1789572986665,17.6464351,75.9517635,17.646434818776868,75.95176573328031,0.239
1789572986774,17.6464351,75.9517635,17.646434819667856,75.95176572620454,0.238
1789572986889,17.6464351,75.9517635,17.646434819253166,75.9517657294978,0.239
1789572986991,17.6464351,75.9517635,17.64643481923263,75.95176572966086,0.239
1789572987095,17.6464351,75.9517635,17.64643481923473,75.9517657296442,0.239
1789572987207,17.6464351,75.9517635,17.646434819234994,75.95176572964209,0.239
1789572987311,17.6464351,75.9517635,17.64643481923499,75.95176572964215,0.239
1789572987432,17.6464351,75.9517635,17.646434819234987,75.95176572964216,0.239
1789572987531,17.6464351,75.9517635,17.646434819234987,75.95176572964216,0.239
1789572987640,17.6464351,75.9517635,17.646434819234987,75.95176572964216,0.239
1789572987747,17.6464349,75.9517633,17.646434833792245,75.95176529170126,0.211
1789572987869,17.6464349,75.9517633,17.64643483399846,75.95176528549753,0.211
1789572988003,17.6464349,75.9517633,17.646434833905808,75.95176528828492,0.211
1789572988086,17.6464349,75.9517633,17.646434833902376,75.95176528838816,0.211
1789572988193,17.6464349,75.9517633,17.64643483390281,75.95176528837513,0.211
1789572988301,17.6464349,75.9517633,17.64643483390287,75.95176528837324,0.211
1789572988408,17.6464349,75.9517633,17.64643483390287,75.95176528837327,0.211
1789572988518,17.6464349,75.9517633,17.64643483390287,75.95176528837328,0.211
1789572988626,17.6464349,75.9517633,17.64643483390287,75.95176528837328,0.211
1789572988733,17.6464347,75.9517628,17.64643481016857,75.9517648473173,0.218
1789572988842,17.6464347,75.9517628,17.64643480981345,75.95176484071803,0.217
1789572988949,17.6464347,75.9517628,17.646434809978874,75.95176484379213,0.217
1789572989057,17.6464347,75.9517628,17.646434809987763,75.95176484395735,0.217
1789572989174,17.6464347,75.9517628,17.646434809986836,75.95176484394011,0.217
1789572989281,17.6464347,75.9517628,17.646434809986744,75.95176484393838,0.217
1789572989380,17.6464347,75.9517628,17.646434809986747,75.95176484393843,0.217
1789572989495,17.6464347,75.9517628,17.646434809986747,75.95176484393845,0.217
1789572989596,17.6464347,75.9517628,17.646434809986747,75.95176484393845,0.217
1789572989706,17.6464343,75.9517624,17.64643472023549,75.9517644138388,0.219
1789572989813,17.6464343,75.9517624,17.64643471891216,75.95176440749724,0.218
1789572989922,17.6464343,75.9517624,17.646434719515263,75.95176441038737,0.218
1789572990035,17.6464343,75.9517624,17.646434719547624,75.95176441054247,0.218
1789572990160,17.6464343,75.9517624,17.64643471954448,75.9517644105274,0.218
1789572990264,17.6464343,75.9517624,17.646434719544196,75.95176441052602,0.218
1789572990374,17.6464343,75.9517624,17.646434719544203,75.95176441052607,0.218
1789572990530,17.6464343,75.9517624,17.646434719544207,75.95176441052608,0.218
1789572990656,17.6464343,75.9517624,17.646434719544207,75.95176441052608,0.218
1789572990768,17.6464343,75.9517624,17.646434719544207,75.95176441052608,0.218
1789572990905,17.6464339,75.9517621,17.6464345717929,75.95176399397474,0.214
1789572991114,17.6464339,75.9517621,17.64643457075914,75.95176399106029,0.214
1789572991327,17.6464339,75.9517621,17.64643457111649,75.95176399206775,0.214
1789572991434,17.6464339,75.9517621,17.646434571120402,75.95176399207878,0.214
1789572991578,17.6464339,75.9517621,17.646434571119755,75.95176399207696,0.214
1789572991712,17.6464339,75.9517621,17.64643457111972,75.95176399207686,0.214
1789572991834,17.6464339,75.9517621,17.64643457111972,75.95176399207686,0.214
1789572991960,17.6464339,75.9517621,17.64643457111972,75.95176399207686,0.214
1789572992145,17.6464339,75.9517621,17.64643457111972,75.95176399207686,0.214
1789572992198,17.6464339,75.9517621,17.64643457111972,75.95176399207686,0.214
1789572992404,17.6464339,75.9517621,17.64643457111972,75.95176399207686,0.214
1789572992606,17.6464339,75.9517621,17.64643457111972,75.95176399207686,0.214
1789572992806,17.6464339,75.9517621,17.64643457111972,75.95176399207686,0.214
1789572993025,17.6464339,75.9517621,17.646434571273872,75.95176399201881,0.214
1789572993225,17.6464339,75.9517621,17.646434571299253,75.95176399200926,0.214
1789572993432,17.6464339,75.9517621,17.646434571293668,75.95176399201137,0.214
1789572993630,17.6464339,75.9517621,17.646434571290172,75.95176399201267,0.214
1789572993839,17.6464339,75.9517621,17.646434571289586,75.9517639920129,0.214
1789572994048,17.6464339,75.9517621,17.646434571447134,75.95176399195351,0.214
1789572994249,17.6464339,75.9517621,17.64643457146825,75.95176399194555,0.214
1789572994456,17.6464339,75.9517621,17.64643457146268,75.95176399194764,0.214
1789572994665,17.6464339,75.9517621,17.646434571459544,75.95176399194884,0.214
1789572994881,17.6464339,75.9517621,17.6464345714591,75.951763991949,0.214
1789572995082,17.6464339,75.9517621,17.646434571616307,75.95176399189164,0.214
1789572995280,17.6464339,75.9517621,17.646434571638473,75.95176399188355,0.214
1789572995493,17.6464339,75.9517621,17.646434571632597,75.9517639918857,0.214
1789572995705,17.6464339,75.9517621,17.646434571629293,75.9517639918869,0.214
1789572995901,17.6464339,75.9517621,17.646434571628827,75.95176399188708,0.214
1789572996113,17.6464339,75.9517621,17.64643457178561,75.95176399183136,0.214
1789572996315,17.6464339,75.9517621,17.64643457180638,75.95176399182398,0.214
1789572996520,17.6464339,75.9517621,17.646434571800995,75.9517639918259,0.214
1789572996727,17.6464339,75.9517621,17.64643457179794,75.95176399182698,0.214
1789572996932,17.6464339,75.9517621,17.646434571797496,75.95176399182714,0.214
1789572997141,17.6464339,75.9517621,17.646434571953417,75.95176399177194,0.214
1789572997346,17.6464339,75.9517621,17.646434571974275,75.95176399176455,0.214
1789572997552,17.6464339,75.9517621,17.646434571968783,75.9517639917665,0.214
1789572997758,17.6464339,75.9517621,17.64643457196575,75.95176399176756,0.214
1789572997962,17.6464339,75.9517621,17.646434571965315,75.95176399176772,0.214
1789572998171,17.6464339,75.9517621,17.646434572120636,75.95176399171244,0.214
1789572998376,17.6464339,75.9517621,17.646434572141438,75.95176399170504,0.214
1789572998583,17.6464339,75.9517621,17.64643457213596,75.95176399170698,0.214
1789572998789,17.6464339,75.9517621,17.646434572132947,75.95176399170806,0.214
1789572998995,17.6464339,75.9517621,17.64643457213252,75.9517639917082,0.214
1789572999205,17.6464339,75.9517621,17.646434572287475,75.9517639916531,0.214
1789572999407,17.6464339,75.9517621,17.646434572308106,75.95176399164576,0.214
1789572999615,17.6464339,75.9517621,17.646434572302645,75.9517639916477,0.214
1789572999820,17.6464339,75.9517621,17.64643457229962,75.95176399164878,0.214
1789573000025,17.6464339,75.9517621,17.646434572299178,75.95176399164893,0.214
1789573000235,17.6464339,75.9517621,17.646434572453852,75.95176399159351,0.214
1789573000438,17.6464339,75.9517621,17.646434572474448,75.95176399158612,0.214
1789573000644,17.6464339,75.9517621,17.64643457246903,75.95176399158807,0.214
1789573000850,17.6464339,75.9517621,17.646434572466,75.95176399158915,0.214
1789573001057,17.6464339,75.9517621,17.646434572465566,75.9517639915893,0.214
1789573001267,17.6464339,75.9517621,17.64643457261969,75.95176399153439,0.214
1789573001469,17.6464339,75.9517621,17.64643457264019,75.9517639915271,0.214
1789573001686,17.6464339,75.9517621,17.646434572634647,75.95176399152908,0.214
1789573001880,17.6464339,75.9517621,17.646434572631737,75.9517639915301,0.214
1789573002085,17.6464339,75.9517621,17.646434572631296,75.95176399153026,0.214
1789573002300,17.6464339,75.9517621,17.64643457278564,75.95176399147505,0.214
1789573002499,17.6464339,75.9517621,17.64643457280561,75.9517639914679,0.214
1789573002701,17.6464339,75.9517621,17.646434572800384,75.95176399146976,0.214
1789573002912,17.6464339,75.9517621,17.646434572797343,75.95176399147086,0.214
1789573003117,17.6464339,75.9517621,17.646434572796903,75.95176399147101,0.214
1789573003327,17.6464339,75.9517621,17.64643457295062,75.95176399141567,0.214
1789573003536,17.6464339,75.9517621,17.646434572970943,75.95176399140837,0.214
1789573003736,17.6464339,75.9517621,17.646434572965624,75.95176399141029,0.214
1789573003944,17.6464339,75.9517621,17.646434572962658,75.95176399141135,0.214
1789573004148,17.6464339,75.9517621,17.646434572962246,75.9517639914115,0.214
1789573004358,17.6464339,75.9517621,17.64643457311591,75.95176399135609,0.214
1789573004561,17.6464339,75.9517621,17.646434573136382,75.9517639913487,0.214
1789573004763,17.6464339,75.9517621,17.646434573131053,75.95176399135063,0.214
1789573004969,17.6464339,75.9517621,17.64643457312801,75.95176399135173,0.214
1789573005175,17.6464339,75.9517621,17.64643457312756,75.95176399135188,0.214
1789573005383,17.6464339,75.9517621,17.646434573281194,75.95176399129632,0.214
1789573005593,17.6464339,75.9517621,17.646434573301768,75.95176399128887,0.214
1789573005797,17.6464339,75.9517621,17.64643457329635,75.95176399129083,0.214
1789573006004,17.6464339,75.9517621,17.6464345732934,75.9517639912919,0.214
1789573006208,17.6464339,75.9517621,17.646434573292996,75.95176399129204,0.214
1789573006419,17.6464339,75.9517621,17.64643457344681,75.95176399123625,0.214
1789573006622,17.6464339,75.9517621,17.64643457346716,75.95176399122886,0.214
1789573006828,17.6464339,75.9517621,17.6464345734618,75.9517639912308,0.214
1789573007034,17.6464339,75.9517621,17.64643457345881,75.95176399123189,0.214
1789573007241,17.6464339,75.9517621,17.64643457345838,75.95176399123204,0.214
1789573007450,17.6464339,75.9517621,17.646434573612,75.95176399117629,0.214
1789573007653,17.6464339,75.9517621,17.646434573632554,75.95176399116885,0.214
1789573007860,17.6464339,75.9517621,17.646434573627126,75.95176399117081,0.214
1789573008065,17.6464339,75.9517621,17.64643457362411,75.9517639911719,0.214
1789573008280,17.6464339,75.9517621,17.64643457362368,75.95176399117206,0.214
1789573008481,17.6464339,75.9517621,17.64643457377577,75.95176399111726,0.214
1789573008689,17.6464339,75.9517621,17.646434573797034,75.95176399110959,0.214
1789573008885,17.6464339,75.9517621,17.64643457379156,75.95176399111156,0.214
1789573009098,17.6464339,75.9517621,17.646434573788376,75.95176399111271,0.214
1789573009302,17.6464339,75.9517621,17.646434573787932,75.95176399111287,0.214
1789573009516,17.6464339,75.9517621,17.646434573940674,75.95176399105648,0.214
1789573009714,17.6464339,75.9517621,17.64643457396055,75.95176399104915,0.214
1789573009919,17.6464339,75.9517621,17.646434573955318,75.95176399105108,0.214
1789573010127,17.6464339,75.9517621,17.64643457395231,75.95176399105219,0.214
1789573010332,17.6464339,75.9517621,17.64643457395187,75.95176399105235,0.214
1789573010541,17.6464339,75.9517621,17.646434574105097,75.95176399099579,0.214
1789573010745,17.6464339,75.9517621,17.646434574125614,75.95176399098821,0.214
1789573010951,17.6464339,75.9517621,17.64643457412022,75.9517639909902,0.214
1789573011157,17.6464339,75.9517621,17.64643457411722,75.95176399099131,0.214
1789573011359,17.6464339,75.9517621,17.64643457411679,75.95176399099147,0.214
1789573011569,17.6464339,75.9517621,17.64643498649569,75.95176344133561,0.187
1789573011772,17.6464339,75.9517621,17.646435744306334,75.95176281129594,0.219
1789573011978,17.6464339,75.9517621,17.646436879153903,75.9517618818281,0.332
1789573012184,17.6464339,75.9517621,17.646438317051857,75.95176075043716,0.512
1789573012390,17.6464339,75.9517621,17.646440035664114,75.95175944062923,0.739
1789573012599,17.6464339,75.9517621,17.64644514100963,75.9517567650921,1.373
1789573012802,17.6464339,75.9517621,17.64644928696971,75.95175435552436,1.900
1789573013009,17.6464339,75.9517621,17.646453483079515,75.95175177253051,2.440
1789573013215,17.6464339,75.9517621,17.646457914095414,75.95174900125531,3.013
1789573013420,17.6464339,75.9517621,17.646462573624305,75.9517460447546,3.618
1789573013630,17.6464339,75.9517621,17.646470908503712,75.95174192843147,4.642
1789573013833,17.6464339,75.9517621,17.646479578988327,75.9517370786019,5.736
1789573014040,17.6464339,75.9517621,17.646486197938415,75.95173300879853,6.589
1789573014245,17.6464339,75.9517621,17.646492555406702,75.95172900319918,7.414
1789573014452,17.6464339,75.9517621,17.64649923937673,75.95172475044062,8.283
1789573014661,17.6464339,75.9517621,17.646509619545096,75.95171946994418,9.566
1789573014862,17.6464339,75.9517621,17.64652063853786,75.95171309036402,10.966
1789573015070,17.6464339,75.9517621,17.646529097829333,75.95170768445585,12.068
1789573015288,17.6464339,75.9517621,17.64653757103269,75.95170208565521,13.180
1789573015486,17.6464339,75.9517621,17.646543459755943,75.95170171128021,13.776
1789573015689,17.6464339,75.9517621,17.646538432293358,75.95170199397012,13.269
1789573015895,17.6464339,75.9517621,17.646539305981445,75.95170210249462,13.349
1789573016101,17.6464339,75.9517621,17.64653765559622,75.95170211157702,13.187
1789573016310,17.6464339,75.9517621,17.646537414241227,75.95170210609848,13.164